Indicator type,Indicator,Description
FilePath,system32\sam.sav,
FilePath,Local Settings\Temp\sam.dat,
FilePath,\system32\msxml0.dll,
FilePath,\~ISUN32.EXE,
FilePath,\system32\ati.exe,
FilePath,Local Settings\Temp\~hhC2F~.tmp,
FilePath,\system32\netui.dll,
FileHash-MD5,fd66b9718e650978eb0fff32b9edb377,
FileHash-MD5,6b31344b40e2af9c9ee3ba707558c14e,
FileHash-MD5,3b0dad4763f6151515d819ae04a1f0f6,
FileHash-MD5,cdcd3a09ee99cff9a58efea5ccbe2bed,
FileHash-MD5,4e21010805d397aa848cfe63ab0e5eb9,
FileHash-MD5,f662c8ae9a0257e68ae52cf354ebab43,
FileHash-MD5,e83cc769fc5601856d26c88dcb20458b,
