Indicator type,Indicator,Description
FileHash-MD5,bd8b082b7711bc980252f988bb0ca936,
FileHash-MD5,1809c3cc93332d7bc0799238519a2938,
FileHash-MD5,468ff2c12cffc7e5b2fe0ee6bb3b239e,
FileHash-MD5,24f1b8266f4faf550999581bf0edac83,
FileHash-MD5,cb3c5c3f53ecb2cb656fb0f4b8de03f6,
FileHash-MD5,bf9aeefc53d97bb23d35d47986504cef,
FileHash-MD5,25f240aed433c4ea52ccdb898e43756f,
FileHash-MD5,a510d0c9b7930abaa7aa6b0ac294e675,
FileHash-MD5,1e48f6ba839d2c4794e23c10e5c4c138,
FileHash-MD5,727a6800991eead454e53e8af164a99c,
FileHash-MD5,a807ad465b2fe5859c85626e97eaf907,
FileHash-MD5,8e8622c393d7e832d39e620ead5d3b49,
FileHash-MD5,ef8e0fb20e7228c7492ccdc59d87c690,
FileHash-MD5,07ae235391f7b290ea3a35067239a290,
FileHash-MD5,10a38dd9598cc31efe664cfaa8f37bf1,
FileHash-MD5,df4da15796910690b05e393561b86fa1,
FileHash-MD5,7d25a80fe2c42368adaea5fcbab866b6,
FileHash-MD5,b631a3d832f7c22c26554711188f59c3,
FileHash-MD5,db05df0498b59b42a8e493cf3c10c578,
FileHash-MD5,abcaf816de63c632ec23d6bda3f02bb5,
FileHash-MD5,b3defdbd173738d44137f88a571647e1,
FileHash-MD5,f0bab119faa296c680a10ba81693915e,
FileHash-MD5,1baa7f5813e259c6346d1b02a1370d75,
FileHash-MD5,698fbe7ed1ddd7f5c76b86fad3f7a485,
FileHash-MD5,6ebbfa603aa4e90148ad0b726806c359,
FileHash-MD5,81ce61ed2dc567ce70589386563890ca,
FileHash-MD5,e1b6940985a23e5639450f8391820655,
FileHash-MD5,bd402e910e03b70f00685d8b8be5093c,
FileHash-MD5,35008d12dfa47447112495f430e4aefe,
FileHash-MD5,d74b169e98dd16d0f3af0dc770dffac0,
FileHash-MD5,c65617a4eedb8e0369ef8fe58ce20a02,
FileHash-MD5,4c6bddcca2695d6202df38708e14fc7e,
FileHash-MD5,f4f8067d501bfef385274912d2a833b5,
