Indicator type,Indicator,Description
FilePath,\System32\drivers\own,
FilePath,\system32\irmonsrv.dll,
FilePath,\system32\wuauserve.dll,
FilePath,\temp\ctfmon.exe\svchost.exe,
FileHash-MD5,70a55fdc712c6e31e013e6b5d412b0d6,
FileHash-MD5,1224527e295380dce1ac9953c850ce97,
FileHash-MD5,15901ddbccc5e9e0579fc5b42f754fe8,
FileHash-MD5,62bee50b480f6a6aa427a00464baf376,
FileHash-MD5,80bca9f272152280a462f84f1588c0cc,
FileHash-MD5,eef298d0bc5b8c89f582e48556d77b6a,
FileHash-MD5,e4a9b8993e55e3d0ba355b13d1f27a2e,
FileHash-MD5,71173ad2bc7b39342b1bdaadeaaa0d8a,
FileHash-MD5,7cb055ac3acbf53e07e20b65ec9126a1,
FileHash-MD5,da383cc098a5ea8fbb87643611e4bfb6,
FileHash-MD5,3b0829e2e966dae17d4c235893a3ae8a,
FileHash-MD5,ea34b72cbeb07aaac2398704c3ca6b0f,
FileHash-MD5,753ec12f61c2f7c9a5763c9063a16106,
FileHash-MD5,da60673b4f2a4660d2734a16a832282f,
FileHash-MD5,497f07f54a4c29fe3be1a15f4516e32d,
FileHash-MD5,12f25ce81596aeb19e75cc7ef08f3a38,
FileHash-MD5,2244c60f4c1dc285c259f3ac5bf88ff8,
FileHash-MD5,82390e18379710df84d48881a1c1d0ed,
FileHash-MD5,78524ba7f66c0ec4a3755e51709db1aa,
FileHash-MD5,46a86e3c12d5025aa78c7ddf46717c38,
FileHash-MD5,5a728cb9ce56763dccb32b5298d0f050,
FileHash-MD5,f2693de8b687c20aca98bfc1c5aa5b38,
FileHash-MD5,5d8129be965fab8115eca34fc84bd7f0,
FileHash-MD5,43b844c35e1a933e9214588be81ce772,
FileHash-MD5,034374db2d35cf9da6558f54cec8a455,
FileHash-MD5,1fff3f96f53c5bbdd39eb2351f12549d,
FileHash-MD5,f0d2ad2002557a86ecc780bf938b6dfd,
FileHash-MD5,acb99e5318f7001298df1aef51a9463e,
FileHash-MD5,693f711d8fab66a3efca98a19a733d56,
FileHash-MD5,52cb7fed85bd7ff6797fbc70105a09fe,
FileHash-MD5,268eef019bf65b2987e945afaf29643f,
FileHash-MD5,2a214ce037f5f6bb01ddc453f0265d92,
FileHash-MD5,7852b941a46e37fe9b332b1be77a6960,
FileHash-MD5,c2fa9f567fd34fb14fee6a38b6644ff9,
FileHash-MD5,8c6ece2ade2bfad3171c925baa64af50,
FileHash-MD5,9d8a7970be7826d29732817c0cc84bde,
FileHash-MD5,522d32a505f78f09303e689999a3e461,
FileHash-MD5,7fc52a32337386d867a952a2c8644353,
FileHash-MD5,3a3e4bca1197e4abab03340ea97d718d,
