Indicator type,Indicator,Description
FileHash-MD5,73a63c21a08b0ad2c69999e448f8e6a1,
FileHash-MD5,a4903f7c293993069f865468bd7cec78,
FileHash-MD5,0c28ad34f90950bc784339ec9f50d288,
FileHash-MD5,6ab7fa8e5fb63b8d0723387d0a1ffe6d,
FileHash-MD5,989b797c2a63fbfc8e1c6e8a8ccd6204,
FileHash-MD5,609d917a7f0c526b0d8091c8191da376,
FileHash-MD5,321d75c9990408db812e5a248a74f8c8,
FileHash-MD5,0cad42671e5771574df44a23b3634f32,
FileHash-MD5,57326cd78a56d26e349bbd4bcc5b9fa2,
FileHash-MD5,543e03cc5872e9ed870b2d64363f518b,
FileHash-MD5,db2580f5675f04716481b24bb7af468e,
FileHash-MD5,687a58dcbc076b04bef4ec6050310fb5,
FileHash-MD5,e6c25f9994b723d39c785ddfd38a31b8,
FileHash-MD5,f9a46d5024c05a827912a89ca270c553,
FileHash-MD5,a311516cdf06d3db4f49e67da5213ebe,
FileHash-MD5,f3611c5c793f521f7ff2a69c22d4174e,
FileHash-MD5,c21591aa72ac72872f5bd05bbca5e4da,
FileHash-MD5,3e72fd40e47e232496b303734f1b2b11,
