Indicator type,Indicator,Description
FileHash-MD5,3abe9c84fc13d0a82c1c3e0dced5825d,
FileHash-MD5,4111fbc14558385c10091543c439264a,
FileHash-MD5,bf80dbf969b73790253f683cd723fd71,
FileHash-MD5,09d372e4259980ac95fdadf1846578d9,
FileHash-MD5,f67357d9fa1c3014050f2feefd39c784,
FileHash-MD5,8c9871a9eb88ffc43507f988b222dc52,
FileHash-MD5,bcb087f69792b69494a3edad51a842bb,
FileHash-MD5,874bb818208655b59a8c4c1ae2aef379,
FileHash-MD5,24fefb8b9338e2300308260be19bbaab,
FileHash-MD5,15137b710414e4e8508ac5ab27e2cbaa,
FileHash-MD5,150c95865766c2dd0562e7bedb6db104,
FileHash-MD5,5a3abb8053c271c58e879b3b9cf8c8f5,
FileHash-MD5,ea47431d832faff7802710dae0abb0d3,
FileHash-MD5,bce4b77a4e4acc70a3f6f52ec0a2f033,
FileHash-MD5,51326bf40da5a5357a143dd9a6e6a11c,
FileHash-MD5,ecf18654e4a2668fb8b2e3db144809af,
FileHash-MD5,f445b22897a27ac5852ee19589bea8c2,
FileHash-MD5,dd1222f96024ac28179c7508e4193285,
FileHash-MD5,6767eeb485232436de9553988765fb89,
FileHash-MD5,3f243b304358041fb163007e0c066d4a,
FileHash-MD5,32c32e936cffa8ab370c7f3f2dd43d65,
FileHash-MD5,e64d657ce32118b415fa91dc05037c4c,
FileHash-MD5,db50416d9e67f4982e89e0ffb0ade6f3,
FileHash-MD5,a5b581c0600815b1112ca2fed578928b,
FileHash-MD5,876ee736ebad6917a259456fc3a2f11b,
FileHash-MD5,4f65bc571cdd9c9cd11e771e1db35a4c,
FileHash-MD5,57f98d16ac439a11012860f88db21831,
