Indicator type,Indicator,Description
FileHash-MD5,b3bc979d8de3be09728c5de1a0297c4b,
FileHash-MD5,1fb4ce2e56ced51ddf1edff8ed15c21b,
FileHash-MD5,3fb8f4cdcb4d1d48be2e473fd8727239,
FileHash-MD5,1f92ff8711716ca795fbd81c477e45f5,
FileHash-MD5,5cd578614afb50b925008b68b3accdb9,
FileHash-MD5,341f5e7215826d07ada1ed2b96264c0d,
FileHash-MD5,390d1f2a620912104f53c034c8aef14b,
FileHash-MD5,871cc547feb9dbec0285321068e392b8,
FileHash-MD5,07c4032f24ae44614676fbdfe539afe0,
FileHash-MD5,ba0c4d3dbf07d407211b5828405a9b91,
FileHash-MD5,a99e06e2f90db4e506ef1347a8774dd5,
FileHash-MD5,0c5e9f564115bfcbee66377a829de55f,
FileHash-MD5,e54ce5f0112c9fdfe86db17e85a5e2c5,
FileHash-MD5,0ff20d023d6b54661d66fb3ce09afe3c,
FileHash-MD5,b1912db011633d98bc40ac568a4167a7,
FileHash-MD5,5cf0959687427850a92d7f69edd41b86,
FileHash-MD5,b145e4d19f5ecfaad45c795aee69c8dc,
FileHash-MD5,150c4c1f589c4baa794160276a3d4aba,
FileHash-MD5,fab6b0b33d59f393e142000f128a9652,
FileHash-MD5,a565682d8a13a5719977223e0d9c7aa4,
FileHash-MD5,58b020fd3bc0d34e8c4eaf0a3f3135af,
FileHash-MD5,ab208f0b517ba9850f1551c9555b5313,
FileHash-MD5,6fdec862951e8b128cd7a07b2031eef6,
FileHash-MD5,6d2320af561b2315c1241e3efd86067f,
FileHash-MD5,b5e9ce72771217680efaeecfafe3da3f,
FileHash-MD5,b8f61242e28f2edf6cb1be8781438491,
FileHash-MD5,d47b04327157fb188c0e81886e346c48,
FileHash-MD5,8913ac72cdb8afd98bd8446896e1595a,
FileHash-MD5,a96a6c91e71e243f00a64f53e2fd6415,
FileHash-MD5,55fb1409170c91740359d1d96364f17b,
FileHash-MD5,079028d315d039da0ffec2728b2c9ef6,
FileHash-MD5,7388d67561d0a7989202ad4d37eff24f,
FileHash-MD5,c044715c2626ab515f6c85a21c47c7dd,
FileHash-MD5,5f837bbfd3b458321070e2aebca4ec46,
FileHash-MD5,8a7764ded8467bd0fd0c30adc2acc1d4,
FileHash-MD5,e83f60fb0e0396ea309faf0aed64e53f,
FileHash-MD5,ad3cccbe9ddff04b670d353b938f5da9,
FileHash-MD5,57e79f7df13c0cb01910d0c688fcd296,
FileHash-MD5,05552a77620933dd80f1e176736f8fe7,
FileHash-MD5,cd2102c5db1ed828a9c196448c40af3e,
FileHash-MD5,8f4863b4dfb52d8362c031d3720a6d97,
FileHash-MD5,c799e1d25839e1efb2b3d42d6d6efd26,
FileHash-MD5,ff085d421518772ce2df75282363279f,
FileHash-MD5,f8892c6dacbf7ac756abb361e48bbc82,
FileHash-MD5,7bfeb0eaa1c51513e60bc0abafb1be9f,
FileHash-MD5,120c2e085992ff59a21ba401ec29fec9,
FileHash-MD5,c30c7fa2eb06fc8c9ebbe955abe26edd,
FileHash-MD5,e65c0b3f4dd2f3c9f728077ed1e48f7e,
FileHash-MD5,91f538c08b9dee1bb0c6b6c82f727c5d,
FileHash-MD5,86dd715a8d28788e68a575207d66df34,
FileHash-MD5,e0fc0fae758d7c6091cdb11d5ef98e0e,
FileHash-MD5,3364813bcbd111fc5ec1e4265c533506,
FileHash-MD5,f4ed3b7a8a58453052db4b5be3707342,
FileHash-MD5,5aeaa53340a281074fcb539967438e3f,
FileHash-MD5,36c0d3f109aede4d76b05431f8a64f9e,
FileHash-MD5,8f3d20c983f9d82a8ff17466f45ee757,
FileHash-MD5,ff2d1edbcaf04e8a02dc61fc225e2b91,
FileHash-MD5,68c67a6e26855ebc2569d67689c69a6e,
FileHash-MD5,ecf900c9d743631b59442240ac4ce9da,
FileHash-MD5,8725870a43192cb0176c82012996910a,
FileHash-MD5,b1ff1ef983a1aee3a395788ec441d006,
FileHash-MD5,c3de028cbc5aa0934008d95689d5f334,
FileHash-MD5,75ff4bd6b209b6f10472c4cd22e3f9e6,
FileHash-MD5,cd677f9ede43b4b86b421db249c0e020,
FileHash-MD5,46c36c11238100e155f6d418332869ea,
FileHash-MD5,3e69945e5865ccc861f69b24bc1166b6,
FileHash-MD5,f904ea9bc8e2d7ce13a6007183da5957,
FileHash-MD5,4d21cc82e4031e1d6bb15541827b9e67,
FileHash-MD5,3e6ed3ee47bce9946e2541332cb34c69,
FileHash-MD5,8dfbf8a46d3a302fd420305918e9414d,
FileHash-MD5,55f60194833efcbc8ac16bd0a1cced1a,
FileHash-MD5,2fae9efa753d3d821e1efdbc1335b966,
FileHash-MD5,9e511dc5ad8a884f4416e68c54f742e1,
FileHash-MD5,286f48dda20e2ccc3250a6e09a130db1,
FileHash-MD5,c763e041c8e85c195ade90e120338be7,
FileHash-MD5,98d257a13d176940910d6441a854d7a4,
FileHash-MD5,91deceb64c795927c6ea07f695f67334,
FileHash-MD5,30e78d186b27d2023a2a7319bb679c3f,
FileHash-MD5,8e1ec7e556b8c6612b6c34e310c50b66,
FileHash-MD5,d52f35c4c9dbda4c94164291df8a2724,
FileHash-MD5,543c283d691939d99667e22bcb7be610,
FileHash-MD5,435991e0c67f0c0b4504355b6d4493f0,
FileHash-MD5,2bdc196cdac4478ae325c94bab433732,
FileHash-MD5,af2745e8888f2ba17a9cf2e0779d3874,
FileHash-MD5,1ede2c69d50e0efbe23f758d902216e0,
FileHash-MD5,bc756bb6bf4e7b2058e8dce6ba8b1a79,
FileHash-MD5,cc17fe9f2d254ad28d050bf5c1df983d,
FileHash-MD5,7c82cd17b0fa420f09f97e060621ed7b,
FileHash-MD5,471005f73280264c48f769e1c21fbcc1,
FileHash-MD5,a241eec892637dec971bd925a40d3efb,
FileHash-MD5,95d85aa629a786bb67439a064c4349ec,
FileHash-MD5,fae6eaf695af058af4b8dfee0709bf51,
FileHash-MD5,fc9d20d555a88fc827f3a2bfec4dfa36,
FileHash-MD5,e56e4b20ef6dc09d29be49481bd29561,
FileHash-MD5,ccfb7a84bb87cc8f86ddd260ad38ed5b,
FileHash-MD5,8454918f639a1b0719e00627f211d2ed,
FileHash-MD5,0f23d5b93c30681655d8a4258b8de129,
FileHash-MD5,370c50aea66cc338b37801e1bd1c244f,
FileHash-MD5,6570163cd34454b3d1476c134d44b9d9,
FileHash-MD5,1ce4605e771a04e375e0d1083f183e8e,
FileHash-MD5,88b5f635ac9031bcdeda1f751952f966,
FileHash-MD5,41bb847963a8fce70ad21e70dd786107,
FileHash-MD5,5e42780f52763c77d592044e535e4b01,
