Indicator type,Indicator,Description
FilePath,\Com\wscntfy.exe,
FileHash-MD5,50361f8793258b6e883b31269e053ed2,
FileHash-MD5,3b320b90e024bfa48bda72aa7a82322c,
FileHash-MD5,10bb5a8ae053e335fe047cf38db95452,
FileHash-MD5,a1b924b8c8fa157ae8775fd86f692053,
FileHash-MD5,2c78d8bb5912d8174042f81197d9b449,
FileHash-MD5,f1ad5daacace5d4a7b18a03132ec2716,
FileHash-MD5,257258344edad17f689b1c6d14833cbc,
FileHash-MD5,98cf219830733fb98fd2a957b7c4b163,
FileHash-MD5,75f37a69664362462ad491741a34f195,
FileHash-MD5,dcb90efe7e09d6900242af25aeca7b73,
FileHash-MD5,62d60a1cd1e7ba73aebc98812e5ac266,
FileHash-MD5,7ce16b35201d8d35965ec7aeebdc80ff,
FileHash-MD5,b63452ecd2da62f30923a124bcd41b45,
FileHash-MD5,b2599b3078c28a278a3e7cd8b46304da,
FileHash-MD5,e24e889e826df04f552e0d133548b693,
FileHash-MD5,465b085d3ddd22f63d8f7721ce5736d7,
FileHash-MD5,04e83832146034f9797d2e8145413daa,
FileHash-MD5,c2e06531a2e6de3c1b7d18b14af53fdf,
FileHash-MD5,c0a494e643c42a89d5bf718ea274df04,
FileHash-MD5,da6b0ee7ec735029d1ff4fa863a71de8,
FileHash-MD5,33d974011c4b047bf9874a71ba261a11,
FileHash-MD5,47e7f92419eb4b98ff4124c3ca11b738,
FileHash-MD5,12a410d82a1fc9a8c18b350872e0d465,
FileHash-MD5,1ae2dadd85cd97452bb26b2c901d0890,
