Indicator type,Indicator,Description
FilePath,\temp\,
FileHash-MD5,4ab62c8e525bee410cd4b6cfeea7d221,
FileHash-MD5,c4f144febf16ff8f36df15353d5347ce,
FileHash-MD5,2c9c691e15a48b20dbead0a6d6bf0300,
FileHash-MD5,effa99ea879e5be518f242d5820be070,
FileHash-MD5,fbde5068f85ce0aac2e9ff387b5f8c06,
FileHash-MD5,a2cd1189860b9ba214421aab86ecbc8a,
FileHash-MD5,a7f17c75519fb8a39d37c47617202b05,
FileHash-MD5,af2f7b070245c90bd2a0a0845314173a,
FileHash-MD5,d8315c114107b7418c32f85e263766b7,
FileHash-MD5,815a89041dea3e56348f8f5c8b7d1457,
FileHash-MD5,33e9ccd45ef133b2c100d5a4f50635d5,
FileHash-MD5,438401c9ae36e9ed1bf4f410ae116484,
FileHash-MD5,f65eee78ac150924cd37c7f1f3c96518,
FileHash-MD5,71536d2e95420c55412c12dffea1a0a6,
FileHash-MD5,b8277cce81e0a372bc35d33a0c9483c2,
FileHash-MD5,b43266a047b2895399f4883cfe37c089,
FileHash-MD5,270d42f292105951ee81e4085ea45054,
FileHash-MD5,87efe3671ef8f1eca57f2d8f7e4711d9,
FileHash-MD5,d4c7f1f80883412f9796f1270accff50,
FileHash-MD5,523f56515221161579ee6090c962e5b1,
FileHash-MD5,f07ac0b4301fccbae233a44e07a2a634,
FileHash-MD5,f172ff6b65140f342e6ee51966ea3c4c,
FileHash-MD5,a639f598d4c0b9aa7a4691d05f27d977,
FileHash-MD5,0496e3b17cf40c45f495188a368c203a,
FileHash-MD5,215df0c319b98dad4f202849b097f8b2,
FileHash-MD5,02c65973b6018f5d473d701b3e7508b2,
FileHash-MD5,10a68e08c514d3b69296b0eb557d822c,
FileHash-MD5,933b11bc4799f8d9f65466fb2e3ea659,
FileHash-MD5,ef6c375e3e6930e2b50e1e97fe6fbcc9,
FileHash-MD5,3f33c0dab564c35485fd227d97b98443,
FileHash-MD5,d271ae0f4e9230af3b61eafe7f671fde,
FileHash-MD5,fe5ba680a96757ff232d4bad9c0db2b8,
FileHash-MD5,b5a430a0696b5b25ae6b4fa5cbfe3333,
FileHash-MD5,1fad25d4fef631f8ec3115e0944e4621,
FileHash-MD5,99a29ccea951a950040f3944abafed40,
FileHash-MD5,baabd9b76bff84ed27fd432cfc6df241,
FileHash-MD5,c6a29993234488fcbdcf45668eac9c47,
FileHash-MD5,a4ad7335aa391519cc5fc9140f2562f2,
FileHash-MD5,3d328395d0cefc67e2909774125196b1,
FileHash-MD5,2c49f47c98203b110799ab622265f4ef,
