Indicator type,Indicator,Description
FileHash-MD5,a4143ade719c2222d8602819a3e212ae,
FileHash-MD5,ea3155748f9788b741b6799691250579,
FileHash-MD5,9ea3c16194ce354c244c1b74c46cd92e,
FileHash-MD5,1f2eb7b090018d975e6d9b40868c94ca,
FileHash-MD5,ae1dda87cc5998de79ecb68527bbd191,
FileHash-MD5,2ba0d0083976a5c1e3315413cdcffcd2,
FileHash-MD5,7be6c90facbfe9ecf470fb27e6673fbc,
FileHash-MD5,ab445da3ee4e81a84d644476f669d35c,
FileHash-MD5,8b75bcbff174c25a0161f30758509a44,
FileHash-MD5,65018cd542145a3792ba09985734c12a,
FileHash-MD5,df5c89d49ef8997c9b5abd8f808298c8,
FileHash-MD5,411d770b2939e968c692dbdd3116e179,
FileHash-MD5,8442ae37b91f279a9f06de4c60b286a3,
FileHash-MD5,531a3b0acd95f55c3a7418d31f741357,
FileHash-MD5,ca6fe7a1315af5afeac2961460a80569,
FileHash-MD5,785003a405bc7a4ebcbb21ddb757bf3f,
FileHash-MD5,35b9f05cf70017cc485af87660109dc8,
FileHash-MD5,d1a18c7de189170c588e7128ec3f8453,
FileHash-MD5,34cebbb4d35a66a7a7fb1ce857c195c9,
FileHash-MD5,cc0b9bf4ea738d63f06bfe411460412b,
FileHash-MD5,2a84b88c4a2ce0fb6227f7990f465737,
FileHash-MD5,00f24328b282b28bc39960d55603e380,
FileHash-MD5,494fca685834f3158d133f6b09cbb507,
FileHash-MD5,b07322743778b5868475dbe66eedac4f,
FileHash-MD5,61e0da42d5d084af24d31fbcef4ff409,
FileHash-MD5,5a032c13942a46c5ae015f53d9ce138a,
FileHash-MD5,d20f0fbd001fd30610c3317fd3c6f7c0,
FileHash-MD5,caf33d1e15953c0e782846e1709498f6,
FileHash-MD5,49bacedcd18f6d8929d43a10dae8645f,
FileHash-MD5,f6655e39465c2ff5b016980d918ea028,
FileHash-MD5,ec8aa67b05407c01094184c33d2b5a44,
FileHash-MD5,08d7679a9c806a2f7d2be26fe9b425ee,
FileHash-MD5,3d6fe3928f2f5ce41622f3f958b894a0,
FileHash-MD5,125ebbc6f0c957ee994fcef1431a93f4,
FileHash-MD5,6576c196385407b0f7f4b1b537d88983,
FileHash-MD5,7a2eba5ca6f9b2cec61c5cc55dfca762,
FileHash-MD5,650a6fca433ee243391e4b4c11f09438,
FileHash-MD5,33de5067a433a6ec5c328067dc18ec37,
FileHash-MD5,30b3b17eab05ecffaa055b5091aa66f9,
FileHash-MD5,d9fbf759f527af373e34673dc3aca462,
FileHash-MD5,eb61cedc9793226a66e4611e6ea25d7f,
FileHash-MD5,e65db662e449cab03a6c1ac51af41360,
FileHash-MD5,fab7c555a511f4d4e318817455bbb75a,
FileHash-MD5,19fc27aeb48b3ce8d00eb2e76dfe2837,
FileHash-MD5,cfe738fcc07b9ece6a11c3390d43b5df,
FileHash-MD5,c0a33a1b472a8c16123fd696a5ce5ebb,
FileHash-MD5,85c4081a97255ac7ca7d0d5554e86ec1,
FileHash-MD5,89a2802e2f2356ce6a757f833c3ba3ef,
FileHash-MD5,dc059121677ec7a038589cda28cbcc49,
FileHash-MD5,6faa4740f99408d4d2dddd0b09bbdefd,
FileHash-MD5,99a39866a657a10949fcb6d634bb30d5,
FileHash-MD5,a316d5aeca269ca865077e7fff356e7d,
FileHash-MD5,a14e8df8bc55f7459d24fe526f51a16d,
FileHash-MD5,f8437e44748d2c3fcf84019766f4e6dc,
FileHash-MD5,4e3ddb5c27e45ee0e6dcc02e87b0abb5,
FileHash-MD5,2dd892986b2249b5214639ecc8ac0223,
