Indicator type,Indicator,Description
FileHash-MD5,1c7538951b21d93ef7ecf3fa94ae5c5e,
FileHash-MD5,052ec04866e4a67f31845d656531830d,
FileHash-MD5,016da6ee744b16656a2ba3107c7a4a29,
FileHash-MD5,b47e5d095be9fd61016817359f6c2887,
FileHash-MD5,2af105519133baaee57c9ade00543de2,
FileHash-MD5,83b3711c32d28a87b173e7e5aba5f826,
FileHash-MD5,e6ff0431a9a9028808efc582405ea7df,
FileHash-MD5,79841c13f645118a600d19def3642d1a,
FileHash-MD5,bee9b7835a02973678e9ead683da1ac4,
FileHash-MD5,3cda17269c246a2e3bfcda6fa02fceb8,
FileHash-MD5,16e53c619803d0068611bb6d448d1d49,
FileHash-MD5,2156942db0293565c9420c1e254a2c32,
FileHash-MD5,001dd76872d80801692ff942308c64e6,
FileHash-MD5,f02abd537e481109142b6170933d1b3d,
FileHash-MD5,002325a0a67fded0381b5648d7fe9b8e,
FileHash-MD5,7f398b00546c3a0946cd6142c308a556,
FileHash-MD5,ef0a6c79f99a537f932a5e64999972b3,
FileHash-MD5,86b68ad2e9c33eadf134285ea142ccc2,
FileHash-MD5,2f930d92dc5ebc9d53ad2a2b451ebf65,
FileHash-MD5,68d2fd5049e70942d164e4e25d13dd8e,
FileHash-MD5,8a86df3d382bfd1e4c4165f4cacfdff8,
FileHash-MD5,99a7e4a01b813b9b26ba76bf0b484742,
FileHash-MD5,55886d571c2a57984ea9659b57e1c63a,
FileHash-MD5,3e87051b1dc3463f378c7e1fe398dc7d,
