Indicator type,Indicator,Description
FileHash-MD5,775459afc5415984dfa2a0f533011763,
FileHash-MD5,17f6602f1c507b006b9d09eedcde0096,
FileHash-MD5,6eb99bed5b5fcb3fdb26f37aff2c9adb,
FileHash-MD5,eb0c8b05ee6a4334f45968cf45656597,
FileHash-MD5,f9ed623f13481da16a97aeacdca646dc,
FileHash-MD5,a34234a27157851300d9b698f6c56d9a,
FileHash-MD5,830e5cd6d590aa65dd3e2c1a01b42259,
FileHash-MD5,46817cabd6618d2126067430a78f06a3,
FileHash-MD5,06598b0490133815541c5ac023623e82,
FileHash-MD5,123505024f9e5ff74cb6aa67d7fcc392,
FileHash-MD5,03ae71eba61af2d497e226da3954f3af,
FileHash-MD5,0b506c6dde8d07f9eeb82fd01a6f97d4,
FileHash-MD5,4a54d7878d4170c3d4e3c3606365c42c,
FileHash-MD5,d9fb6620e4402764bbf2088de02898ca,
FileHash-MD5,61daab56e07dfa3a236d8aec9eb80545,
FileHash-MD5,50a3aaaebae6cee7ecb150ac395276b9,
FileHash-MD5,41d623c1de3b0d182c51e56b2a3f3fba,
FileHash-MD5,a1468ce16f2d17979cc1a61878c1c8c6,
FileHash-MD5,a6725f263daf3e94adc3668751b909d0,
FileHash-MD5,b6f2f483e03b9399f055a1ba5e0713a4,
FileHash-MD5,2976a62c2a829a153a9b0b5f433bdc77,
FileHash-MD5,fdef1329ae626656c8389f82c4f9ad38,
FileHash-MD5,a6117891e42ee7db36253b57839c8b8f,
FileHash-MD5,a2feee5e0ac3f825d4b7de7e0b95bb1f,
FileHash-MD5,4f763b07a7b8a80f1f9408e590f79532,
FileHash-MD5,ca327bc83fbe38b3689cd1a5505dfc33,
FileHash-MD5,8934aeed5d213fe29e858eee616a6ec7,
FileHash-MD5,cb15768a3e5c86d22289dcefec56d8a2,
FileHash-MD5,05bc8309b93676087d5fb0b58ad5e9d8,
FileHash-MD5,ec63f49236858c85168da81c1ac7802a,
FileHash-MD5,6bf9083f1567edce004bd1f7c456659d,
FileHash-MD5,0c5858f293aed44ea00eb9e0019609df,
FileHash-MD5,3107de21e480ab1f2d67725f419b28d0,
FileHash-MD5,ce003a75c85627cbc7e6eb39beff0722,
