Indicator type,Indicator,Description
FileHash-MD5,898a8a43c8708961094944fb42c278ab,
FileHash-MD5,c91eacab7655870764d13ba741aa9a73,
FileHash-MD5,2e8484f59899046452392c236460ebb6,
FileHash-MD5,9d1d58e370bea4b5e79a1f914516cbc0,
FileHash-MD5,0908d8b3e459551039bade50930e4c1b,
FileHash-MD5,950234183528ce107d65b700be1bbbd3,
FileHash-MD5,a5d4ebc0285f0213e0c29d23bc410889,
FileHash-MD5,494637c4ac6d04bb50a681e87b81043f,
FileHash-MD5,6c9c9e40683467f60b910d5bad5285ae,
FileHash-MD5,3d61d23c2be95177937aa50769c0c512,
FileHash-MD5,feb406ff01d9fd5abc5ea079e0543e31,
FileHash-MD5,588c40520a3cea27d2b35cd1fa05e23f,
FileHash-MD5,565b6fedccab184c92e40483ea49a25f,
FileHash-MD5,6a88f170ab6cb0f9b3252adc61b4f487,
FileHash-MD5,f4bea18e9d38ab9fa7c1cf6eea2bdc79,
FileHash-MD5,8d81eeaeb0bd74a1faab257079452078,
FileHash-MD5,ca9c1f8d709ed34d388dc7cba2bd7602,
FileHash-MD5,95f25d3afc5370f5d9fd8e65c17d3599,
FileHash-MD5,b883f8e5a1420d1f511266b9253c11c4,
FileHash-MD5,2bd02b41817d227058522cca40acd390,
FileHash-MD5,6808ec6dbb23f0fa7637c108f44c5c80,
FileHash-MD5,74b3ee9f3f6c52413db6e5c9ace34893,
FileHash-MD5,c4188c3bb6982d41aa783c499113a8e3,
FileHash-MD5,2acfc925e66e1b820a67c4d0f3e6ae8c,
FileHash-MD5,8bf9698c18b2aa23f71444af2571a6ad,
FileHash-MD5,34ca3fbcaac48498aeff6035b172bf69,
FileHash-MD5,07fe9f901fb4f14e16fb5d114a92b0fc,
FileHash-MD5,bf0d5aff9c1f33e089c9c85f03c6ba8a,
FileHash-MD5,7a2692cafec377c444bc3147fc43e57f,
